{"v":"5.5.6","fr":29.9700012207031,"ip":0,"op":92.0000037472368,"w":1080,"h":1080,"nm":"Loading","ddd":1,"assets":[],"layers":[{"ddd":0,"ind":1,"ty":3,"nm":"Null 5","sr":1,"ks":{"o":{"a":0,"k":0,"ix":11},"r":{"a":0,"k":0,"ix":10},"p":{"a":0,"k":[578,578,0],"ix":2},"a":{"a":0,"k":[50,50,0],"ix":1},"s":{"a":0,"k":[100,100,100],"ix":6}},"ao":0,"ip":0,"op":92.0000037472368,"st":0,"bm":0},{"ddd":0,"ind":2,"ty":4,"nm":"Element04","parent":1,"sr":1,"ks":{"o":{"a":0,"k":100,"ix":11},"r":{"a":1,"k":[{"i":{"x":[0],"y":[1]},"o":{"x":[0.11],"y":[0]},"t":63,"s":[27]},{"t":91.9712537460658,"s":[-31]}],"ix":10},"p":{"a":1,"k":[{"i":{"x":0,"y":1},"o":{"x":0.11,"y":0},"t":63,"s":[62,64,0],"to":[58.202,17.181,0],"ti":[-58.202,-17.181,0]},{"t":91.9712537460658,"s":[411.211,167.087,0]}],"ix":2},"a":{"a":0,"k":[0,0,0],"ix":1},"s":{"a":1,"k":[{"i":{"x":[0,0,0.667],"y":[1,1,1]},"o":{"x":[0.11,0.11,0.333],"y":[0,0,0]},"t":63,"s":[0,0,100]},{"t":91.9712537460658,"s":[123.541,123.541,100]}],"ix":6}},"ao":0,"shapes":[{"ty":"gr","it":[{"ind":0,"ty":"sh","ix":1,"ks":{"a":0,"k":{"i":[[0,0],[0,0]],"o":[[0,0],[0,0]],"v":[[85,-0.25],[-83.5,0]],"c":false},"ix":2},"nm":"Path 1","mn":"ADBE Vector Shape - Group","hd":false},{"ty":"st","c":{"a":0,"k":[0.890196084976,0.313725501299,0.800000011921,1],"ix":3},"o":{"a":0,"k":100,"ix":4},"w":{"a":1,"k":[{"i":{"x":[0],"y":[1]},"o":{"x":[0.11],"y":[0]},"t":63,"s":[101]},{"t":91.9712537460658,"s":[0]}],"ix":5},"lc":2,"lj":2,"bm":0,"nm":"Stroke 1","mn":"ADBE Vector Graphic - Stroke","hd":false},{"ty":"tr","p":{"a":0,"k":[0,0],"ix":2},"a":{"a":0,"k":[0,0],"ix":1},"s":{"a":0,"k":[100,100],"ix":3},"r":{"a":0,"k":0,"ix":6},"o":{"a":0,"k":100,"ix":7},"sk":{"a":0,"k":0,"ix":4},"sa":{"a":0,"k":0,"ix":5},"nm":"Transform"}],"nm":"Shape 2","np":3,"cix":2,"bm":0,"ix":1,"mn":"ADBE Vector Group","hd":false},{"ty":"gr","it":[{"ind":0,"ty":"sh","ix":1,"ks":{"a":0,"k":{"i":[[0,0],[0,0]],"o":[[0,0],[0,0]],"v":[[0.063,-84.25],[0,84]],"c":false},"ix":2},"nm":"Path 1","mn":"ADBE Vector Shape - Group","hd":false},{"ty":"st","c":{"a":0,"k":[0.890196084976,0.313725501299,0.800000011921,1],"ix":3},"o":{"a":0,"k":100,"ix":4},"w":{"a":1,"k":[{"i":{"x":[0],"y":[1]},"o":{"x":[0.11],"y":[0]},"t":63,"s":[101]},{"t":91.9712537460658,"s":[0]}],"ix":5},"lc":2,"lj":1,"ml":4,"bm":0,"nm":"Stroke 1","mn":"ADBE Vector Graphic - Stroke","hd":false},{"ty":"tr","p":{"a":0,"k":[0,0],"ix":2},"a":{"a":0,"k":[0,0],"ix":1},"s":{"a":0,"k":[100,100],"ix":3},"r":{"a":0,"k":0,"ix":6},"o":{"a":0,"k":100,"ix":7},"sk":{"a":0,"k":0,"ix":4},"sa":{"a":0,"k":0,"ix":5},"nm":"Transform"}],"nm":"Shape 1","np":3,"cix":2,"bm":0,"ix":2,"mn":"ADBE Vector Group","hd":false}],"ip":63.0000025660426,"op":92.9700037867457,"st":63.0000025660426,"bm":0},{"ddd":0,"ind":3,"ty":4,"nm":"Element03","parent":1,"sr":1,"ks":{"o":{"a":0,"k":100,"ix":11},"r":{"a":1,"k":[{"i":{"x":[0],"y":[1]},"o":{"x":[0.11],"y":[0]},"t":63,"s":[27]},{"t":91.9712537460658,"s":[-144]}],"ix":10},"p":{"a":1,"k":[{"i":{"x":0,"y":1},"o":{"x":0.11,"y":0},"t":63,"s":[62,64,0],"to":[-13.131,30.848,0],"ti":[13.131,-30.848,0]},{"t":91.9712537460658,"s":[-16.789,249.087,0]}],"ix":2},"a":{"a":0,"k":[0,0,0],"ix":1},"s":{"a":1,"k":[{"i":{"x":[0,0,0.667],"y":[1,1,1]},"o":{"x":[0.11,0.11,0.333],"y":[0,0,0]},"t":63,"s":[0,0,100]},{"t":91.9712537460658,"s":[123.541,123.541,100]}],"ix":6}},"ao":0,"shapes":[{"ty":"gr","it":[{"ind":0,"ty":"sh","ix":1,"ks":{"a":0,"k":{"i":[[0,0],[0,0]],"o":[[0,0],[0,0]],"v":[[85,-0.25],[-83.5,0]],"c":false},"ix":2},"nm":"Path 1","mn":"ADBE Vector Shape - Group","hd":false},{"ty":"st","c":{"a":0,"k":[0.890196084976,0.313725501299,0.800000011921,1],"ix":3},"o":{"a":0,"k":100,"ix":4},"w":{"a":1,"k":[{"i":{"x":[0],"y":[1]},"o":{"x":[0.11],"y":[0]},"t":63,"s":[101]},{"t":91.9712537460658,"s":[0]}],"ix":5},"lc":2,"lj":2,"bm":0,"nm":"Stroke 1","mn":"ADBE Vector Graphic - Stroke","hd":false},{"ty":"tr","p":{"a":0,"k":[0,0],"ix":2},"a":{"a":0,"k":[0,0],"ix":1},"s":{"a":0,"k":[100,100],"ix":3},"r":{"a":0,"k":0,"ix":6},"o":{"a":0,"k":100,"ix":7},"sk":{"a":0,"k":0,"ix":4},"sa":{"a":0,"k":0,"ix":5},"nm":"Transform"}],"nm":"Shape 2","np":3,"cix":2,"bm":0,"ix":1,"mn":"ADBE Vector Group","hd":false},{"ty":"gr","it":[{"ind":0,"ty":"sh","ix":1,"ks":{"a":0,"k":{"i":[[0,0],[0,0]],"o":[[0,0],[0,0]],"v":[[0.063,-84.25],[0,84]],"c":false},"ix":2},"nm":"Path 1","mn":"ADBE Vector Shape - Group","hd":false},{"ty":"st","c":{"a":0,"k":[0.890196084976,0.313725501299,0.800000011921,1],"ix":3},"o":{"a":0,"k":100,"ix":4},"w":{"a":1,"k":[{"i":{"x":[0],"y":[1]},"o":{"x":[0.11],"y":[0]},"t":63,"s":[101]},{"t":91.9712537460658,"s":[0]}],"ix":5},"lc":2,"lj":1,"ml":4,"bm":0,"nm":"Stroke 1","mn":"ADBE Vector Graphic - Stroke","hd":false},{"ty":"tr","p":{"a":0,"k":[0,0],"ix":2},"a":{"a":0,"k":[0,0],"ix":1},"s":{"a":0,"k":[100,100],"ix":3},"r":{"a":0,"k":0,"ix":6},"o":{"a":0,"k":100,"ix":7},"sk":{"a":0,"k":0,"ix":4},"sa":{"a":0,"k":0,"ix":5},"nm":"Transform"}],"nm":"Shape 1","np":3,"cix":2,"bm":0,"ix":2,"mn":"ADBE Vector Group","hd":false}],"ip":63.0000025660426,"op":92.9700037867457,"st":63.0000025660426,"bm":0},{"ddd":0,"ind":4,"ty":4,"nm":"Element02","parent":1,"sr":1,"ks":{"o":{"a":0,"k":100,"ix":11},"r":{"a":1,"k":[{"i":{"x":[0],"y":[1]},"o":{"x":[0.11],"y":[0]},"t":63,"s":[27]},{"t":91.9712537460658,"s":[116]}],"ix":10},"p":{"a":1,"k":[{"i":{"x":0,"y":1},"o":{"x":0.11,"y":0},"t":63,"s":[62,64,0],"to":[-70.798,-18.485,0],"ti":[70.798,18.485,0]},{"t":91.9712537460658,"s":[-362.789,-46.913,0]}],"ix":2},"a":{"a":0,"k":[0,0,0],"ix":1},"s":{"a":1,"k":[{"i":{"x":[0,0,0.667],"y":[1,1,1]},"o":{"x":[0.11,0.11,0.333],"y":[0,0,0]},"t":63,"s":[0,0,100]},{"t":91.9712537460658,"s":[123.541,123.541,100]}],"ix":6}},"ao":0,"shapes":[{"ty":"gr","it":[{"ind":0,"ty":"sh","ix":1,"ks":{"a":0,"k":{"i":[[0,0],[0,0]],"o":[[0,0],[0,0]],"v":[[85,-0.25],[-83.5,0]],"c":false},"ix":2},"nm":"Path 1","mn":"ADBE Vector Shape - Group","hd":false},{"ty":"st","c":{"a":0,"k":[0.890196084976,0.313725501299,0.800000011921,1],"ix":3},"o":{"a":0,"k":100,"ix":4},"w":{"a":1,"k":[{"i":{"x":[0],"y":[1]},"o":{"x":[0.11],"y":[0]},"t":63,"s":[101]},{"t":91.9712537460658,"s":[0]}],"ix":5},"lc":2,"lj":1,"ml":4,"bm":0,"nm":"Stroke 1","mn":"ADBE Vector Graphic - Stroke","hd":false},{"ty":"tr","p":{"a":0,"k":[0,0],"ix":2},"a":{"a":0,"k":[0,0],"ix":1},"s":{"a":0,"k":[100,100],"ix":3},"r":{"a":0,"k":0,"ix":6},"o":{"a":0,"k":100,"ix":7},"sk":{"a":0,"k":0,"ix":4},"sa":{"a":0,"k":0,"ix":5},"nm":"Transform"}],"nm":"Shape 2","np":3,"cix":2,"bm":0,"ix":1,"mn":"ADBE Vector Group","hd":false},{"ty":"gr","it":[{"ind":0,"ty":"sh","ix":1,"ks":{"a":0,"k":{"i":[[0,0],[0,0]],"o":[[0,0],[0,0]],"v":[[0.063,-84.25],[0,84]],"c":false},"ix":2},"nm":"Path 1","mn":"ADBE Vector Shape - Group","hd":false},{"ty":"st","c":{"a":0,"k":[0.890196084976,0.313725501299,0.800000011921,1],"ix":3},"o":{"a":0,"k":100,"ix":4},"w":{"a":1,"k":[{"i":{"x":[0],"y":[1]},"o":{"x":[0.11],"y":[0]},"t":63,"s":[101]},{"t":91.9712537460658,"s":[0]}],"ix":5},"lc":2,"lj":2,"bm":0,"nm":"Stroke 1","mn":"ADBE Vector Graphic - Stroke","hd":false},{"ty":"tr","p":{"a":0,"k":[0,0],"ix":2},"a":{"a":0,"k":[0,0],"ix":1},"s":{"a":0,"k":[100,100],"ix":3},"r":{"a":0,"k":0,"ix":6},"o":{"a":0,"k":100,"ix":7},"sk":{"a":0,"k":0,"ix":4},"sa":{"a":0,"k":0,"ix":5},"nm":"Transform"}],"nm":"Shape 1","np":3,"cix":2,"bm":0,"ix":2,"mn":"ADBE Vector Group","hd":false}],"ip":63.0000025660426,"op":92.9700037867457,"st":63.0000025660426,"bm":0},{"ddd":0,"ind":5,"ty":4,"nm":"Element01","parent":1,"sr":1,"ks":{"o":{"a":0,"k":100,"ix":11},"r":{"a":1,"k":[{"i":{"x":[0],"y":[1]},"o":{"x":[0.11],"y":[0]},"t":63,"s":[27]},{"t":91.9712537460658,"s":[169]}],"ix":10},"p":{"a":1,"k":[{"i":{"x":0,"y":1},"o":{"x":0.11,"y":0},"t":63,"s":[62,64,0],"to":[46.535,-33.152,0],"ti":[-46.535,33.152,0]},{"t":91.9712537460658,"s":[341.211,-134.913,0]}],"ix":2},"a":{"a":0,"k":[0,0,0],"ix":1},"s":{"a":1,"k":[{"i":{"x":[0,0,0.667],"y":[1,1,1]},"o":{"x":[0.11,0.11,0.333],"y":[0,0,0]},"t":63,"s":[0,0,100]},{"t":91.9712537460658,"s":[123.541,123.541,100]}],"ix":6}},"ao":0,"shapes":[{"ty":"gr","it":[{"ind":0,"ty":"sh","ix":1,"ks":{"a":0,"k":{"i":[[0,0],[0,0]],"o":[[0,0],[0,0]],"v":[[85,-0.25],[-83.5,0]],"c":false},"ix":2},"nm":"Path 1","mn":"ADBE Vector Shape - Group","hd":false},{"ty":"st","c":{"a":0,"k":[0.890196084976,0.313725501299,0.800000011921,1],"ix":3},"o":{"a":0,"k":100,"ix":4},"w":{"a":1,"k":[{"i":{"x":[0],"y":[1]},"o":{"x":[0.11],"y":[0]},"t":63,"s":[101]},{"t":91.9712537460658,"s":[0]}],"ix":5},"lc":2,"lj":1,"ml":4,"bm":0,"nm":"Stroke 1","mn":"ADBE Vector Graphic - Stroke","hd":false},{"ty":"tr","p":{"a":0,"k":[0,0],"ix":2},"a":{"a":0,"k":[0,0],"ix":1},"s":{"a":0,"k":[100,100],"ix":3},"r":{"a":0,"k":0,"ix":6},"o":{"a":0,"k":100,"ix":7},"sk":{"a":0,"k":0,"ix":4},"sa":{"a":0,"k":0,"ix":5},"nm":"Transform"}],"nm":"Shape 2","np":3,"cix":2,"bm":0,"ix":1,"mn":"ADBE Vector Group","hd":false},{"ty":"gr","it":[{"ind":0,"ty":"sh","ix":1,"ks":{"a":0,"k":{"i":[[0,0],[0,0]],"o":[[0,0],[0,0]],"v":[[0.063,-84.25],[0,84]],"c":false},"ix":2},"nm":"Path 1","mn":"ADBE Vector Shape - Group","hd":false},{"ty":"st","c":{"a":0,"k":[0.890196084976,0.313725501299,0.800000011921,1],"ix":3},"o":{"a":0,"k":100,"ix":4},"w":{"a":1,"k":[{"i":{"x":[0],"y":[1]},"o":{"x":[0.11],"y":[0]},"t":63,"s":[101]},{"t":91.9712537460658,"s":[0]}],"ix":5},"lc":2,"lj":1,"ml":4,"bm":0,"nm":"Stroke 1","mn":"ADBE Vector Graphic - Stroke","hd":false},{"ty":"tr","p":{"a":0,"k":[0,0],"ix":2},"a":{"a":0,"k":[0,0],"ix":1},"s":{"a":0,"k":[100,100],"ix":3},"r":{"a":0,"k":0,"ix":6},"o":{"a":0,"k":100,"ix":7},"sk":{"a":0,"k":0,"ix":4},"sa":{"a":0,"k":0,"ix":5},"nm":"Transform"}],"nm":"Shape 1","np":3,"cix":2,"bm":0,"ix":2,"mn":"ADBE Vector Group","hd":false}],"ip":63.0000025660426,"op":92.9700037867457,"st":63.0000025660426,"bm":0},{"ddd":0,"ind":6,"ty":4,"nm":"Element 17","parent":1,"sr":1,"ks":{"o":{"a":0,"k":100,"ix":11},"r":{"a":1,"k":[{"i":{"x":[0],"y":[1]},"o":{"x":[0.11],"y":[0]},"t":63,"s":[27]},{"t":91.9712537460658,"s":[178]}],"ix":10},"p":{"a":1,"k":[{"i":{"x":0,"y":1},"o":{"x":0.11,"y":0},"t":63,"s":[62,64,0],"to":[16.535,-23.152,0],"ti":[-16.535,23.152,0]},{"t":91.9712537460658,"s":[161.211,-74.913,0]}],"ix":2},"a":{"a":0,"k":[0,0,0],"ix":1},"s":{"a":1,"k":[{"i":{"x":[0,0,0.667],"y":[1,1,1]},"o":{"x":[0.11,0.11,0.333],"y":[0,0,0]},"t":63,"s":[0,0,100]},{"t":91.9712537460658,"s":[123.541,123.541,100]}],"ix":6}},"ao":0,"shapes":[{"ty":"sr","sy":1,"d":1,"pt":{"a":0,"k":3,"ix":3},"p":{"a":0,"k":[0,0],"ix":4},"r":{"a":0,"k":0,"ix":5},"ir":{"a":0,"k":50,"ix":6},"is":{"a":0,"k":0,"ix":8},"or":{"a":0,"k":100,"ix":7},"os":{"a":0,"k":0,"ix":9},"ix":1,"nm":"Polystar Path 1","mn":"ADBE Vector Shape - Star","hd":false},{"ty":"st","c":{"a":0,"k":[0.313725501299,0.890196084976,0.760784327984,1],"ix":3},"o":{"a":0,"k":100,"ix":4},"w":{"a":1,"k":[{"i":{"x":[0],"y":[1]},"o":{"x":[0.11],"y":[0]},"t":63,"s":[81]},{"t":91.9712537460658,"s":[0]}],"ix":5},"lc":1,"lj":2,"bm":0,"nm":"Stroke 1","mn":"ADBE Vector Graphic - Stroke","hd":false}],"ip":63.0000025660426,"op":92.9700037867457,"st":63.0000025660426,"bm":0},{"ddd":0,"ind":7,"ty":4,"nm":"Element 12","parent":1,"sr":1,"ks":{"o":{"a":0,"k":100,"ix":11},"r":{"a":1,"k":[{"i":{"x":[0],"y":[1]},"o":{"x":[0.11],"y":[0]},"t":63,"s":[27]},{"t":91.9712537460658,"s":[-192]}],"ix":10},"p":{"a":1,"k":[{"i":{"x":0,"y":1},"o":{"x":0.11,"y":0},"t":63,"s":[62,64,0],"to":[-64.798,19.515,0],"ti":[64.798,-19.515,0]},{"t":91.9712537460658,"s":[-326.789,181.087,0]}],"ix":2},"a":{"a":0,"k":[0,0,0],"ix":1},"s":{"a":1,"k":[{"i":{"x":[0,0,0.667],"y":[1,1,1]},"o":{"x":[0.11,0.11,0.333],"y":[0,0,0]},"t":63,"s":[0,0,100]},{"t":91.9712537460658,"s":[123.541,123.541,100]}],"ix":6}},"ao":0,"shapes":[{"ty":"sr","sy":1,"d":1,"pt":{"a":0,"k":3,"ix":3},"p":{"a":0,"k":[0,0],"ix":4},"r":{"a":0,"k":0,"ix":5},"ir":{"a":0,"k":50,"ix":6},"is":{"a":0,"k":0,"ix":8},"or":{"a":0,"k":100,"ix":7},"os":{"a":0,"k":0,"ix":9},"ix":1,"nm":"Polystar Path 1","mn":"ADBE Vector Shape - Star","hd":false},{"ty":"st","c":{"a":0,"k":[0.313725501299,0.890196084976,0.760784327984,1],"ix":3},"o":{"a":0,"k":100,"ix":4},"w":{"a":1,"k":[{"i":{"x":[0],"y":[1]},"o":{"x":[0.11],"y":[0]},"t":63,"s":[81]},{"t":91.9712537460658,"s":[0]}],"ix":5},"lc":1,"lj":2,"bm":0,"nm":"Stroke 1","mn":"ADBE Vector Graphic - Stroke","hd":false}],"ip":63.0000025660426,"op":92.9700037867457,"st":63.0000025660426,"bm":0},{"ddd":0,"ind":8,"ty":4,"nm":"Element 11","parent":1,"sr":1,"ks":{"o":{"a":0,"k":100,"ix":11},"r":{"a":1,"k":[{"i":{"x":[0],"y":[1]},"o":{"x":[0.11],"y":[0]},"t":63,"s":[27]},{"t":91.9712537460658,"s":[-114]}],"ix":10},"p":{"a":1,"k":[{"i":{"x":0,"y":1},"o":{"x":0.11,"y":0},"t":63,"s":[62,64,0],"to":[-41.465,-67.819,0],"ti":[41.465,67.819,0]},{"t":91.9712537460658,"s":[-186.789,-342.913,0]}],"ix":2},"a":{"a":0,"k":[0,0,0],"ix":1},"s":{"a":1,"k":[{"i":{"x":[0,0,0.667],"y":[1,1,1]},"o":{"x":[0.11,0.11,0.333],"y":[0,0,0]},"t":63,"s":[0,0,100]},{"t":91.9712537460658,"s":[123.541,123.541,100]}],"ix":6}},"ao":0,"shapes":[{"ty":"sr","sy":1,"d":1,"pt":{"a":0,"k":3,"ix":3},"p":{"a":0,"k":[0,0],"ix":4},"r":{"a":0,"k":0,"ix":5},"ir":{"a":0,"k":50,"ix":6},"is":{"a":0,"k":0,"ix":8},"or":{"a":0,"k":100,"ix":7},"os":{"a":0,"k":0,"ix":9},"ix":1,"nm":"Polystar Path 1","mn":"ADBE Vector Shape - Star","hd":false},{"ty":"st","c":{"a":0,"k":[0.313725501299,0.890196084976,0.760784327984,1],"ix":3},"o":{"a":0,"k":100,"ix":4},"w":{"a":1,"k":[{"i":{"x":[0],"y":[1]},"o":{"x":[0.11],"y":[0]},"t":63,"s":[81]},{"t":91.9712537460658,"s":[0]}],"ix":5},"lc":2,"lj":2,"bm":0,"nm":"Stroke 1","mn":"ADBE Vector Graphic - Stroke","hd":false}],"ip":63.0000025660426,"op":92.9700037867457,"st":63.0000025660426,"bm":0},{"ddd":0,"ind":9,"ty":4,"nm":"Element 10","parent":1,"sr":1,"ks":{"o":{"a":0,"k":100,"ix":11},"r":{"a":1,"k":[{"i":{"x":[0],"y":[1]},"o":{"x":[0.11],"y":[0]},"t":63,"s":[27]},{"t":91.9712537460658,"s":[155]}],"ix":10},"p":{"a":1,"k":[{"i":{"x":0,"y":1},"o":{"x":0.11,"y":0},"t":63,"s":[62,64,0],"to":[29.202,54.848,0],"ti":[-29.202,-54.848,0]},{"t":91.9712537460658,"s":[237.211,393.087,0]}],"ix":2},"a":{"a":0,"k":[0,0,0],"ix":1},"s":{"a":1,"k":[{"i":{"x":[0,0,0.667],"y":[1,1,1]},"o":{"x":[0.11,0.11,0.333],"y":[0,0,0]},"t":63,"s":[0,0,100]},{"t":91.9712537460658,"s":[123.541,123.541,100]}],"ix":6}},"ao":0,"shapes":[{"ty":"sr","sy":1,"d":1,"pt":{"a":0,"k":3,"ix":3},"p":{"a":0,"k":[0,0],"ix":4},"r":{"a":0,"k":0,"ix":5},"ir":{"a":0,"k":50,"ix":6},"is":{"a":0,"k":0,"ix":8},"or":{"a":0,"k":100,"ix":7},"os":{"a":0,"k":0,"ix":9},"ix":1,"nm":"Polystar Path 1","mn":"ADBE Vector Shape - Star","hd":false},{"ty":"st","c":{"a":0,"k":[0.313725501299,0.890196084976,0.760784327984,1],"ix":3},"o":{"a":0,"k":100,"ix":4},"w":{"a":1,"k":[{"i":{"x":[0],"y":[1]},"o":{"x":[0.11],"y":[0]},"t":63,"s":[81]},{"t":91.9712537460658,"s":[0]}],"ix":5},"lc":1,"lj":2,"bm":0,"nm":"Stroke 1","mn":"ADBE Vector Graphic - Stroke","hd":false}],"ip":63.0000025660426,"op":92.9700037867457,"st":63.0000025660426,"bm":0},{"ddd":0,"ind":10,"ty":4,"nm":"Element 16","parent":1,"sr":1,"ks":{"o":{"a":0,"k":100,"ix":11},"r":{"a":1,"k":[{"i":{"x":[0],"y":[1]},"o":{"x":[0.11],"y":[0]},"t":63,"s":[27]},{"t":91.9712537460658,"s":[-192]}],"ix":10},"p":{"a":1,"k":[{"i":{"x":0,"y":1},"o":{"x":0.11,"y":0},"t":63,"s":[62,64,0],"to":[-38.798,50.181,0],"ti":[38.798,-50.181,0]},{"t":91.9712537460658,"s":[-170.789,365.087,0]}],"ix":2},"a":{"a":0,"k":[0,0,0],"ix":1},"s":{"a":1,"k":[{"i":{"x":[0,0,0.667],"y":[1,1,1]},"o":{"x":[0.11,0.11,0.333],"y":[0,0,0]},"t":63,"s":[0,0,100]},{"t":91.9712537460658,"s":[72.541,72.541,100]}],"ix":6}},"ao":0,"shapes":[{"ty":"sr","sy":2,"d":1,"pt":{"a":0,"k":4,"ix":3},"p":{"a":0,"k":[0,0],"ix":4},"r":{"a":0,"k":0,"ix":5},"or":{"a":0,"k":100,"ix":7},"os":{"a":0,"k":0,"ix":9},"ix":1,"nm":"Polystar Path 1","mn":"ADBE Vector Shape - Star","hd":false},{"ty":"st","c":{"a":0,"k":[1,0.807843148708,0.121568627656,1],"ix":3},"o":{"a":0,"k":100,"ix":4},"w":{"a":1,"k":[{"i":{"x":[0],"y":[1]},"o":{"x":[0.11],"y":[0]},"t":63,"s":[81]},{"t":91.9712537460658,"s":[0]}],"ix":5},"lc":1,"lj":2,"bm":0,"nm":"Stroke 1","mn":"ADBE Vector Graphic - Stroke","hd":false}],"ip":63.0000025660426,"op":92.9700037867457,"st":63.0000025660426,"bm":0},{"ddd":0,"ind":11,"ty":4,"nm":"Element 15","parent":1,"sr":1,"ks":{"o":{"a":0,"k":100,"ix":11},"r":{"a":1,"k":[{"i":{"x":[0],"y":[1]},"o":{"x":[0.11],"y":[0]},"t":63,"s":[27]},{"t":91.9712537460658,"s":[-192]}],"ix":10},"p":{"a":1,"k":[{"i":{"x":0,"y":1},"o":{"x":0.11,"y":0},"t":63,"s":[62,64,0],"to":[25.202,26.181,0],"ti":[-25.202,-26.181,0]},{"t":91.9712537460658,"s":[213.211,221.087,0]}],"ix":2},"a":{"a":0,"k":[0,0,0],"ix":1},"s":{"a":1,"k":[{"i":{"x":[0,0,0.667],"y":[1,1,1]},"o":{"x":[0.11,0.11,0.333],"y":[0,0,0]},"t":63,"s":[0,0,100]},{"t":91.9712537460658,"s":[72.541,72.541,100]}],"ix":6}},"ao":0,"shapes":[{"ty":"sr","sy":2,"d":1,"pt":{"a":0,"k":4,"ix":3},"p":{"a":0,"k":[0,0],"ix":4},"r":{"a":0,"k":0,"ix":5},"or":{"a":0,"k":100,"ix":7},"os":{"a":0,"k":0,"ix":9},"ix":1,"nm":"Polystar Path 1","mn":"ADBE Vector Shape - Star","hd":false},{"ty":"st","c":{"a":0,"k":[1,0.807843148708,0.121568627656,1],"ix":3},"o":{"a":0,"k":100,"ix":4},"w":{"a":1,"k":[{"i":{"x":[0],"y":[1]},"o":{"x":[0.11],"y":[0]},"t":63,"s":[81]},{"t":91.9712537460658,"s":[0]}],"ix":5},"lc":1,"lj":2,"bm":0,"nm":"Stroke 1","mn":"ADBE Vector Graphic - Stroke","hd":false}],"ip":63.0000025660426,"op":92.9700037867457,"st":63.0000025660426,"bm":0},{"ddd":0,"ind":12,"ty":4,"nm":"Element 14","parent":1,"sr":1,"ks":{"o":{"a":0,"k":100,"ix":11},"r":{"a":1,"k":[{"i":{"x":[0],"y":[1]},"o":{"x":[0.11],"y":[0]},"t":63,"s":[27]},{"t":91.9712537460658,"s":[-192]}],"ix":10},"p":{"a":1,"k":[{"i":{"x":0,"y":1},"o":{"x":0.11,"y":0},"t":63,"s":[62,64,0],"to":[17.869,-67.152,0],"ti":[-17.869,67.152,0]},{"t":91.9712537460658,"s":[169.211,-338.913,0]}],"ix":2},"a":{"a":0,"k":[0,0,0],"ix":1},"s":{"a":1,"k":[{"i":{"x":[0,0,0.667],"y":[1,1,1]},"o":{"x":[0.11,0.11,0.333],"y":[0,0,0]},"t":63,"s":[0,0,100]},{"t":91.9712537460658,"s":[72.541,72.541,100]}],"ix":6}},"ao":0,"shapes":[{"ty":"sr","sy":2,"d":1,"pt":{"a":0,"k":4,"ix":3},"p":{"a":0,"k":[0,0],"ix":4},"r":{"a":0,"k":0,"ix":5},"or":{"a":0,"k":100,"ix":7},"os":{"a":0,"k":0,"ix":9},"ix":1,"nm":"Polystar Path 1","mn":"ADBE Vector Shape - Star","hd":false},{"ty":"st","c":{"a":0,"k":[1,0.807843148708,0.121568627656,1],"ix":3},"o":{"a":0,"k":100,"ix":4},"w":{"a":1,"k":[{"i":{"x":[0],"y":[1]},"o":{"x":[0.11],"y":[0]},"t":63,"s":[81]},{"t":91.9712537460658,"s":[0]}],"ix":5},"lc":1,"lj":2,"bm":0,"nm":"Stroke 1","mn":"ADBE Vector Graphic - Stroke","hd":false}],"ip":63.0000025660426,"op":92.9700037867457,"st":63.0000025660426,"bm":0},{"ddd":0,"ind":13,"ty":4,"nm":"Element 13","parent":1,"sr":1,"ks":{"o":{"a":0,"k":100,"ix":11},"r":{"a":1,"k":[{"i":{"x":[0],"y":[1]},"o":{"x":[0.11],"y":[0]},"t":63,"s":[27]},{"t":91.9712537460658,"s":[-192]}],"ix":10},"p":{"a":1,"k":[{"i":{"x":0,"y":1},"o":{"x":0.11,"y":0},"t":63,"s":[62,64,0],"to":[-26.131,-33.152,0],"ti":[26.131,33.152,0]},{"t":91.9712537460658,"s":[-94.789,-134.913,0]}],"ix":2},"a":{"a":0,"k":[0,0,0],"ix":1},"s":{"a":1,"k":[{"i":{"x":[0,0,0.667],"y":[1,1,1]},"o":{"x":[0.11,0.11,0.333],"y":[0,0,0]},"t":63,"s":[0,0,100]},{"t":91.9712537460658,"s":[72.541,72.541,100]}],"ix":6}},"ao":0,"shapes":[{"ty":"sr","sy":2,"d":1,"pt":{"a":0,"k":4,"ix":3},"p":{"a":0,"k":[0,0],"ix":4},"r":{"a":0,"k":0,"ix":5},"or":{"a":0,"k":100,"ix":7},"os":{"a":0,"k":0,"ix":9},"ix":1,"nm":"Polystar Path 1","mn":"ADBE Vector Shape - Star","hd":false},{"ty":"st","c":{"a":0,"k":[1,0.807843148708,0.121568627656,1],"ix":3},"o":{"a":0,"k":100,"ix":4},"w":{"a":1,"k":[{"i":{"x":[0],"y":[1]},"o":{"x":[0.11],"y":[0]},"t":63,"s":[81]},{"t":91.9712537460658,"s":[0]}],"ix":5},"lc":1,"lj":2,"bm":0,"nm":"Stroke 1","mn":"ADBE Vector Graphic - Stroke","hd":false}],"ip":63.0000025660426,"op":92.9700037867457,"st":63.0000025660426,"bm":0},{"ddd":0,"ind":14,"ty":3,"nm":"Null 4","sr":1,"ks":{"o":{"a":0,"k":0,"ix":11},"r":{"a":0,"k":0,"ix":10},"p":{"a":0,"k":[550,530,0],"ix":2},"a":{"a":0,"k":[50,50,0],"ix":1},"s":{"a":0,"k":[1038,1038,100],"ix":6}},"ao":0,"ip":0,"op":92.0000037472368,"st":0,"bm":0},{"ddd":0,"ind":15,"ty":4,"nm":"Shape Layer 11","parent":14,"sr":1,"ks":{"o":{"a":1,"k":[{"i":{"x":[0.833],"y":[0.833]},"o":{"x":[0.167],"y":[0.167]},"t":21,"s":[0]},{"i":{"x":[0.833],"y":[0.833]},"o":{"x":[0.167],"y":[0.167]},"t":24,"s":[100]},{"i":{"x":[0.833],"y":[0.833]},"o":{"x":[0.167],"y":[0.167]},"t":29,"s":[100]},{"t":32.0000013033867,"s":[0]}],"ix":11},"r":{"a":0,"k":38,"ix":10},"p":{"a":0,"k":[59.524,24.07,0],"ix":2},"a":{"a":0,"k":[-430.808,-163.174,0],"ix":1},"s":{"a":0,"k":[23.697,23.697,100],"ix":6}},"ao":0,"shapes":[{"ty":"gr","it":[{"ind":0,"ty":"sh","ix":1,"ks":{"a":0,"k":{"i":[[0,0],[0,0]],"o":[[0,0],[0,0]],"v":[[-432.75,-149.688],[-429.375,-173.125]],"c":false},"ix":2},"nm":"Path 1","mn":"ADBE Vector Shape - Group","hd":false},{"ty":"tm","s":{"a":1,"k":[{"i":{"x":[0.667],"y":[1]},"o":{"x":[0.333],"y":[0]},"t":25,"s":[1]},{"t":32.0000013033867,"s":[100]}],"ix":1},"e":{"a":1,"k":[{"i":{"x":[0.667],"y":[1]},"o":{"x":[0.333],"y":[0]},"t":21,"s":[0]},{"t":28.0000011404634,"s":[100]}],"ix":2},"o":{"a":0,"k":0,"ix":3},"m":1,"ix":2,"nm":"Trim Paths 1","mn":"ADBE Vector Filter - Trim","hd":false},{"ty":"st","c":{"a":0,"k":[1,0.807843148708,0.121568627656,1],"ix":3},"o":{"a":0,"k":100,"ix":4},"w":{"a":0,"k":17,"ix":5},"lc":2,"lj":1,"ml":4,"bm":0,"nm":"Stroke 1","mn":"ADBE Vector Graphic - Stroke","hd":false},{"ty":"tr","p":{"a":0,"k":[0,0],"ix":2},"a":{"a":0,"k":[0,0],"ix":1},"s":{"a":0,"k":[100,100],"ix":3},"r":{"a":0,"k":0,"ix":6},"o":{"a":0,"k":100,"ix":7},"sk":{"a":0,"k":0,"ix":4},"sa":{"a":0,"k":0,"ix":5},"nm":"Transform"}],"nm":"Shape 1","np":4,"cix":2,"bm":0,"ix":1,"mn":"ADBE Vector Group","hd":false}],"ip":21.0000008553475,"op":32.0000013033867,"st":21.0000008553475,"bm":0},{"ddd":0,"ind":16,"ty":4,"nm":"Shape Layer 10","parent":14,"sr":1,"ks":{"o":{"a":1,"k":[{"i":{"x":[0.833],"y":[0.833]},"o":{"x":[0.167],"y":[0.167]},"t":21,"s":[0]},{"i":{"x":[0.833],"y":[0.833]},"o":{"x":[0.167],"y":[0.167]},"t":24,"s":[100]},{"i":{"x":[0.833],"y":[0.833]},"o":{"x":[0.167],"y":[0.167]},"t":29,"s":[100]},{"t":32.0000013033867,"s":[0]}],"ix":11},"r":{"a":0,"k":0,"ix":10},"p":{"a":0,"k":[45.899,17.79,0],"ix":2},"a":{"a":0,"k":[-430.808,-163.174,0],"ix":1},"s":{"a":0,"k":[23.697,23.697,100],"ix":6}},"ao":0,"shapes":[{"ty":"gr","it":[{"ind":0,"ty":"sh","ix":1,"ks":{"a":0,"k":{"i":[[0,0],[0,0]],"o":[[0,0],[0,0]],"v":[[-432.75,-149.688],[-429.375,-173.125]],"c":false},"ix":2},"nm":"Path 1","mn":"ADBE Vector Shape - Group","hd":false},{"ty":"tm","s":{"a":1,"k":[{"i":{"x":[0.667],"y":[1]},"o":{"x":[0.333],"y":[0]},"t":25,"s":[1]},{"t":32.0000013033867,"s":[100]}],"ix":1},"e":{"a":1,"k":[{"i":{"x":[0.667],"y":[1]},"o":{"x":[0.333],"y":[0]},"t":21,"s":[0]},{"t":28.0000011404634,"s":[100]}],"ix":2},"o":{"a":0,"k":0,"ix":3},"m":1,"ix":2,"nm":"Trim Paths 1","mn":"ADBE Vector Filter - Trim","hd":false},{"ty":"st","c":{"a":0,"k":[1,0.807843137255,0.121568627451,1],"ix":3},"o":{"a":0,"k":100,"ix":4},"w":{"a":0,"k":17,"ix":5},"lc":2,"lj":1,"ml":4,"bm":0,"nm":"Stroke 1","mn":"ADBE Vector Graphic - Stroke","hd":false},{"ty":"tr","p":{"a":0,"k":[0,0],"ix":2},"a":{"a":0,"k":[0,0],"ix":1},"s":{"a":0,"k":[100,100],"ix":3},"r":{"a":0,"k":0,"ix":6},"o":{"a":0,"k":100,"ix":7},"sk":{"a":0,"k":0,"ix":4},"sa":{"a":0,"k":0,"ix":5},"nm":"Transform"}],"nm":"Shape 1","np":4,"cix":2,"bm":0,"ix":1,"mn":"ADBE Vector Group","hd":false}],"ip":21.0000008553475,"op":32.0000013033867,"st":21.0000008553475,"bm":0},{"ddd":0,"ind":17,"ty":4,"nm":"Shape Layer 3","parent":14,"sr":1,"ks":{"o":{"a":1,"k":[{"i":{"x":[0.833],"y":[0.833]},"o":{"x":[0.167],"y":[0.167]},"t":21,"s":[0]},{"i":{"x":[0.833],"y":[0.833]},"o":{"x":[0.167],"y":[0.167]},"t":24,"s":[100]},{"i":{"x":[0.833],"y":[0.833]},"o":{"x":[0.167],"y":[0.167]},"t":29,"s":[100]},{"t":32.0000013033867,"s":[0]}],"ix":11},"r":{"a":0,"k":-35,"ix":10},"p":{"a":0,"k":[29.281,18.946,0],"ix":2},"a":{"a":0,"k":[-430.808,-163.174,0],"ix":1},"s":{"a":0,"k":[23.697,23.697,100],"ix":6}},"ao":0,"shapes":[{"ty":"gr","it":[{"ind":0,"ty":"sh","ix":1,"ks":{"a":0,"k":{"i":[[0,0],[0,0]],"o":[[0,0],[0,0]],"v":[[-432.75,-149.688],[-429.375,-173.125]],"c":false},"ix":2},"nm":"Path 1","mn":"ADBE Vector Shape - Group","hd":false},{"ty":"tm","s":{"a":1,"k":[{"i":{"x":[0.667],"y":[1]},"o":{"x":[0.333],"y":[0]},"t":25,"s":[1]},{"t":32.0000013033867,"s":[100]}],"ix":1},"e":{"a":1,"k":[{"i":{"x":[0.667],"y":[1]},"o":{"x":[0.333],"y":[0]},"t":21,"s":[0]},{"t":28.0000011404634,"s":[100]}],"ix":2},"o":{"a":0,"k":0,"ix":3},"m":1,"ix":2,"nm":"Trim Paths 1","mn":"ADBE Vector Filter - Trim","hd":false},{"ty":"st","c":{"a":0,"k":[1,0.807843148708,0.121568627656,1],"ix":3},"o":{"a":0,"k":100,"ix":4},"w":{"a":0,"k":17,"ix":5},"lc":2,"lj":1,"ml":4,"bm":0,"nm":"Stroke 1","mn":"ADBE Vector Graphic - Stroke","hd":false},{"ty":"tr","p":{"a":0,"k":[0,0],"ix":2},"a":{"a":0,"k":[0,0],"ix":1},"s":{"a":0,"k":[100,100],"ix":3},"r":{"a":0,"k":0,"ix":6},"o":{"a":0,"k":100,"ix":7},"sk":{"a":0,"k":0,"ix":4},"sa":{"a":0,"k":0,"ix":5},"nm":"Transform"}],"nm":"Shape 1","np":4,"cix":2,"bm":0,"ix":1,"mn":"ADBE Vector Group","hd":false}],"ip":21.0000008553475,"op":32.0000013033867,"st":21.0000008553475,"bm":0},{"ddd":0,"ind":18,"ty":4,"nm":"Shape Layer 14","parent":14,"sr":1,"ks":{"o":{"a":1,"k":[{"i":{"x":[0.833],"y":[0.833]},"o":{"x":[0.167],"y":[0.167]},"t":32,"s":[0]},{"i":{"x":[0.833],"y":[0.833]},"o":{"x":[0.167],"y":[0.167]},"t":35,"s":[100]},{"i":{"x":[0.833],"y":[0.833]},"o":{"x":[0.167],"y":[0.167]},"t":40,"s":[100]},{"t":43.0000017514259,"s":[0]}],"ix":11},"r":{"a":0,"k":-35,"ix":10},"p":{"a":0,"k":[29.281,18.946,0],"ix":2},"a":{"a":0,"k":[-430.808,-163.174,0],"ix":1},"s":{"a":0,"k":[23.697,23.697,100],"ix":6}},"ao":0,"shapes":[{"ty":"gr","it":[{"ind":0,"ty":"sh","ix":1,"ks":{"a":0,"k":{"i":[[0,0],[0,0]],"o":[[0,0],[0,0]],"v":[[-432.75,-149.688],[-429.375,-173.125]],"c":false},"ix":2},"nm":"Path 1","mn":"ADBE Vector Shape - Group","hd":false},{"ty":"tm","s":{"a":1,"k":[{"i":{"x":[0.667],"y":[1]},"o":{"x":[0.333],"y":[0]},"t":36,"s":[1]},{"t":43.0000017514259,"s":[100]}],"ix":1},"e":{"a":1,"k":[{"i":{"x":[0.667],"y":[1]},"o":{"x":[0.333],"y":[0]},"t":32,"s":[0]},{"t":39.0000015885026,"s":[100]}],"ix":2},"o":{"a":0,"k":0,"ix":3},"m":1,"ix":2,"nm":"Trim Paths 1","mn":"ADBE Vector Filter - Trim","hd":false},{"ty":"st","c":{"a":0,"k":[1,0.807843137255,0.121568627451,1],"ix":3},"o":{"a":0,"k":100,"ix":4},"w":{"a":0,"k":17,"ix":5},"lc":2,"lj":1,"ml":4,"bm":0,"nm":"Stroke 1","mn":"ADBE Vector Graphic - Stroke","hd":false},{"ty":"tr","p":{"a":0,"k":[0,0],"ix":2},"a":{"a":0,"k":[0,0],"ix":1},"s":{"a":0,"k":[100,100],"ix":3},"r":{"a":0,"k":0,"ix":6},"o":{"a":0,"k":100,"ix":7},"sk":{"a":0,"k":0,"ix":4},"sa":{"a":0,"k":0,"ix":5},"nm":"Transform"}],"nm":"Shape 1","np":4,"cix":2,"bm":0,"ix":1,"mn":"ADBE Vector Group","hd":false}],"ip":32.0000013033867,"op":43.0000017514259,"st":32.0000013033867,"bm":0},{"ddd":0,"ind":19,"ty":4,"nm":"Shape Layer 13","parent":14,"sr":1,"ks":{"o":{"a":1,"k":[{"i":{"x":[0.833],"y":[0.833]},"o":{"x":[0.167],"y":[0.167]},"t":32,"s":[0]},{"i":{"x":[0.833],"y":[0.833]},"o":{"x":[0.167],"y":[0.167]},"t":35,"s":[100]},{"i":{"x":[0.833],"y":[0.833]},"o":{"x":[0.167],"y":[0.167]},"t":40,"s":[100]},{"t":43.0000017514259,"s":[0]}],"ix":11},"r":{"a":0,"k":0,"ix":10},"p":{"a":0,"k":[45.899,17.79,0],"ix":2},"a":{"a":0,"k":[-430.808,-163.174,0],"ix":1},"s":{"a":0,"k":[23.697,23.697,100],"ix":6}},"ao":0,"shapes":[{"ty":"gr","it":[{"ind":0,"ty":"sh","ix":1,"ks":{"a":0,"k":{"i":[[0,0],[0,0]],"o":[[0,0],[0,0]],"v":[[-432.75,-149.688],[-429.375,-173.125]],"c":false},"ix":2},"nm":"Path 1","mn":"ADBE Vector Shape - Group","hd":false},{"ty":"tm","s":{"a":1,"k":[{"i":{"x":[0.667],"y":[1]},"o":{"x":[0.333],"y":[0]},"t":36,"s":[1]},{"t":43.0000017514259,"s":[100]}],"ix":1},"e":{"a":1,"k":[{"i":{"x":[0.667],"y":[1]},"o":{"x":[0.333],"y":[0]},"t":32,"s":[0]},{"t":39.0000015885026,"s":[100]}],"ix":2},"o":{"a":0,"k":0,"ix":3},"m":1,"ix":2,"nm":"Trim Paths 1","mn":"ADBE Vector Filter - Trim","hd":false},{"ty":"st","c":{"a":0,"k":[1,0.807843137255,0.121568627451,1],"ix":3},"o":{"a":0,"k":100,"ix":4},"w":{"a":0,"k":17,"ix":5},"lc":2,"lj":1,"ml":4,"bm":0,"nm":"Stroke 1","mn":"ADBE Vector Graphic - Stroke","hd":false},{"ty":"tr","p":{"a":0,"k":[0,0],"ix":2},"a":{"a":0,"k":[0,0],"ix":1},"s":{"a":0,"k":[100,100],"ix":3},"r":{"a":0,"k":0,"ix":6},"o":{"a":0,"k":100,"ix":7},"sk":{"a":0,"k":0,"ix":4},"sa":{"a":0,"k":0,"ix":5},"nm":"Transform"}],"nm":"Shape 1","np":4,"cix":2,"bm":0,"ix":1,"mn":"ADBE Vector Group","hd":false}],"ip":32.0000013033867,"op":43.0000017514259,"st":32.0000013033867,"bm":0},{"ddd":0,"ind":20,"ty":4,"nm":"Shape Layer 12","parent":14,"sr":1,"ks":{"o":{"a":1,"k":[{"i":{"x":[0.833],"y":[0.833]},"o":{"x":[0.167],"y":[0.167]},"t":32,"s":[0]},{"i":{"x":[0.833],"y":[0.833]},"o":{"x":[0.167],"y":[0.167]},"t":35,"s":[100]},{"i":{"x":[0.833],"y":[0.833]},"o":{"x":[0.167],"y":[0.167]},"t":40,"s":[100]},{"t":43.0000017514259,"s":[0]}],"ix":11},"r":{"a":0,"k":38,"ix":10},"p":{"a":0,"k":[59.524,24.07,0],"ix":2},"a":{"a":0,"k":[-430.808,-163.174,0],"ix":1},"s":{"a":0,"k":[23.697,23.697,100],"ix":6}},"ao":0,"shapes":[{"ty":"gr","it":[{"ind":0,"ty":"sh","ix":1,"ks":{"a":0,"k":{"i":[[0,0],[0,0]],"o":[[0,0],[0,0]],"v":[[-432.75,-149.688],[-429.375,-173.125]],"c":false},"ix":2},"nm":"Path 1","mn":"ADBE Vector Shape - Group","hd":false},{"ty":"tm","s":{"a":1,"k":[{"i":{"x":[0.667],"y":[1]},"o":{"x":[0.333],"y":[0]},"t":36,"s":[1]},{"t":43.0000017514259,"s":[100]}],"ix":1},"e":{"a":1,"k":[{"i":{"x":[0.667],"y":[1]},"o":{"x":[0.333],"y":[0]},"t":32,"s":[0]},{"t":39.0000015885026,"s":[100]}],"ix":2},"o":{"a":0,"k":0,"ix":3},"m":1,"ix":2,"nm":"Trim Paths 1","mn":"ADBE Vector Filter - Trim","hd":false},{"ty":"st","c":{"a":0,"k":[1,0.807843137255,0.121568627451,1],"ix":3},"o":{"a":0,"k":100,"ix":4},"w":{"a":0,"k":17,"ix":5},"lc":2,"lj":1,"ml":4,"bm":0,"nm":"Stroke 1","mn":"ADBE Vector Graphic - Stroke","hd":false},{"ty":"tr","p":{"a":0,"k":[0,0],"ix":2},"a":{"a":0,"k":[0,0],"ix":1},"s":{"a":0,"k":[100,100],"ix":3},"r":{"a":0,"k":0,"ix":6},"o":{"a":0,"k":100,"ix":7},"sk":{"a":0,"k":0,"ix":4},"sa":{"a":0,"k":0,"ix":5},"nm":"Transform"}],"nm":"Shape 1","np":4,"cix":2,"bm":0,"ix":1,"mn":"ADBE Vector Group","hd":false}],"ip":32.0000013033867,"op":43.0000017514259,"st":32.0000013033867,"bm":0},{"ddd":0,"ind":21,"ty":4,"nm":"Shape Layer 4","parent":14,"sr":1,"ks":{"o":{"a":1,"k":[{"i":{"x":[0.833],"y":[0.833]},"o":{"x":[0.167],"y":[0.167]},"t":43,"s":[0]},{"i":{"x":[0.833],"y":[0.833]},"o":{"x":[0.167],"y":[0.167]},"t":46,"s":[100]},{"i":{"x":[0.833],"y":[0.833]},"o":{"x":[0.167],"y":[0.167]},"t":51,"s":[100]},{"t":54.0000021994651,"s":[0]}],"ix":11},"r":{"a":0,"k":38,"ix":10},"p":{"a":0,"k":[59.524,24.07,0],"ix":2},"a":{"a":0,"k":[-430.808,-163.174,0],"ix":1},"s":{"a":0,"k":[23.697,23.697,100],"ix":6}},"ao":0,"shapes":[{"ty":"gr","it":[{"ind":0,"ty":"sh","ix":1,"ks":{"a":0,"k":{"i":[[0,0],[0,0]],"o":[[0,0],[0,0]],"v":[[-432.75,-149.688],[-429.375,-173.125]],"c":false},"ix":2},"nm":"Path 1","mn":"ADBE Vector Shape - Group","hd":false},{"ty":"tm","s":{"a":1,"k":[{"i":{"x":[0.667],"y":[1]},"o":{"x":[0.333],"y":[0]},"t":47,"s":[1]},{"t":54.0000021994651,"s":[100]}],"ix":1},"e":{"a":1,"k":[{"i":{"x":[0.667],"y":[1]},"o":{"x":[0.333],"y":[0]},"t":43,"s":[0]},{"t":50.0000020365418,"s":[100]}],"ix":2},"o":{"a":0,"k":0,"ix":3},"m":1,"ix":2,"nm":"Trim Paths 1","mn":"ADBE Vector Filter - Trim","hd":false},{"ty":"st","c":{"a":0,"k":[1,0.807843137255,0.121568627451,1],"ix":3},"o":{"a":0,"k":100,"ix":4},"w":{"a":0,"k":17,"ix":5},"lc":2,"lj":1,"ml":4,"bm":0,"nm":"Stroke 1","mn":"ADBE Vector Graphic - Stroke","hd":false},{"ty":"tr","p":{"a":0,"k":[0,0],"ix":2},"a":{"a":0,"k":[0,0],"ix":1},"s":{"a":0,"k":[100,100],"ix":3},"r":{"a":0,"k":0,"ix":6},"o":{"a":0,"k":100,"ix":7},"sk":{"a":0,"k":0,"ix":4},"sa":{"a":0,"k":0,"ix":5},"nm":"Transform"}],"nm":"Shape 1","np":4,"cix":2,"bm":0,"ix":1,"mn":"ADBE Vector Group","hd":false}],"ip":43.0000017514259,"op":54.0000021994651,"st":43.0000017514259,"bm":0},{"ddd":0,"ind":22,"ty":4,"nm":"Shape Layer 5","parent":14,"sr":1,"ks":{"o":{"a":1,"k":[{"i":{"x":[0.833],"y":[0.833]},"o":{"x":[0.167],"y":[0.167]},"t":43,"s":[0]},{"i":{"x":[0.833],"y":[0.833]},"o":{"x":[0.167],"y":[0.167]},"t":46,"s":[100]},{"i":{"x":[0.833],"y":[0.833]},"o":{"x":[0.167],"y":[0.167]},"t":51,"s":[100]},{"t":54.0000021994651,"s":[0]}],"ix":11},"r":{"a":0,"k":0,"ix":10},"p":{"a":0,"k":[45.899,17.79,0],"ix":2},"a":{"a":0,"k":[-430.808,-163.174,0],"ix":1},"s":{"a":0,"k":[23.697,23.697,100],"ix":6}},"ao":0,"shapes":[{"ty":"gr","it":[{"ind":0,"ty":"sh","ix":1,"ks":{"a":0,"k":{"i":[[0,0],[0,0]],"o":[[0,0],[0,0]],"v":[[-432.75,-149.688],[-429.375,-173.125]],"c":false},"ix":2},"nm":"Path 1","mn":"ADBE Vector Shape - Group","hd":false},{"ty":"tm","s":{"a":1,"k":[{"i":{"x":[0.667],"y":[1]},"o":{"x":[0.333],"y":[0]},"t":47,"s":[1]},{"t":54.0000021994651,"s":[100]}],"ix":1},"e":{"a":1,"k":[{"i":{"x":[0.667],"y":[1]},"o":{"x":[0.333],"y":[0]},"t":43,"s":[0]},{"t":50.0000020365418,"s":[100]}],"ix":2},"o":{"a":0,"k":0,"ix":3},"m":1,"ix":2,"nm":"Trim Paths 1","mn":"ADBE Vector Filter - Trim","hd":false},{"ty":"st","c":{"a":0,"k":[1,0.807843148708,0.121568627656,1],"ix":3},"o":{"a":0,"k":100,"ix":4},"w":{"a":0,"k":17,"ix":5},"lc":2,"lj":1,"ml":4,"bm":0,"nm":"Stroke 1","mn":"ADBE Vector Graphic - Stroke","hd":false},{"ty":"tr","p":{"a":0,"k":[0,0],"ix":2},"a":{"a":0,"k":[0,0],"ix":1},"s":{"a":0,"k":[100,100],"ix":3},"r":{"a":0,"k":0,"ix":6},"o":{"a":0,"k":100,"ix":7},"sk":{"a":0,"k":0,"ix":4},"sa":{"a":0,"k":0,"ix":5},"nm":"Transform"}],"nm":"Shape 1","np":4,"cix":2,"bm":0,"ix":1,"mn":"ADBE Vector Group","hd":false}],"ip":43.0000017514259,"op":54.0000021994651,"st":43.0000017514259,"bm":0},{"ddd":0,"ind":23,"ty":4,"nm":"Shape Layer 6","parent":14,"sr":1,"ks":{"o":{"a":1,"k":[{"i":{"x":[0.833],"y":[0.833]},"o":{"x":[0.167],"y":[0.167]},"t":43,"s":[0]},{"i":{"x":[0.833],"y":[0.833]},"o":{"x":[0.167],"y":[0.167]},"t":46,"s":[100]},{"i":{"x":[0.833],"y":[0.833]},"o":{"x":[0.167],"y":[0.167]},"t":51,"s":[100]},{"t":54.0000021994651,"s":[0]}],"ix":11},"r":{"a":0,"k":-35,"ix":10},"p":{"a":0,"k":[29.281,18.946,0],"ix":2},"a":{"a":0,"k":[-430.808,-163.174,0],"ix":1},"s":{"a":0,"k":[23.697,23.697,100],"ix":6}},"ao":0,"shapes":[{"ty":"gr","it":[{"ind":0,"ty":"sh","ix":1,"ks":{"a":0,"k":{"i":[[0,0],[0,0]],"o":[[0,0],[0,0]],"v":[[-432.75,-149.688],[-429.375,-173.125]],"c":false},"ix":2},"nm":"Path 1","mn":"ADBE Vector Shape - Group","hd":false},{"ty":"tm","s":{"a":1,"k":[{"i":{"x":[0.667],"y":[1]},"o":{"x":[0.333],"y":[0]},"t":47,"s":[1]},{"t":54.0000021994651,"s":[100]}],"ix":1},"e":{"a":1,"k":[{"i":{"x":[0.667],"y":[1]},"o":{"x":[0.333],"y":[0]},"t":43,"s":[0]},{"t":50.0000020365418,"s":[100]}],"ix":2},"o":{"a":0,"k":0,"ix":3},"m":1,"ix":2,"nm":"Trim Paths 1","mn":"ADBE Vector Filter - Trim","hd":false},{"ty":"st","c":{"a":0,"k":[1,0.807843137255,0.121568627451,1],"ix":3},"o":{"a":0,"k":100,"ix":4},"w":{"a":0,"k":17,"ix":5},"lc":2,"lj":1,"ml":4,"bm":0,"nm":"Stroke 1","mn":"ADBE Vector Graphic - Stroke","hd":false},{"ty":"tr","p":{"a":0,"k":[0,0],"ix":2},"a":{"a":0,"k":[0,0],"ix":1},"s":{"a":0,"k":[100,100],"ix":3},"r":{"a":0,"k":0,"ix":6},"o":{"a":0,"k":100,"ix":7},"sk":{"a":0,"k":0,"ix":4},"sa":{"a":0,"k":0,"ix":5},"nm":"Transform"}],"nm":"Shape 1","np":4,"cix":2,"bm":0,"ix":1,"mn":"ADBE Vector Group","hd":false}],"ip":43.0000017514259,"op":54.0000021994651,"st":43.0000017514259,"bm":0},{"ddd":1,"ind":24,"ty":4,"nm":"Shape Layer 2","parent":14,"sr":1,"ks":{"o":{"a":0,"k":100,"ix":11},"rx":{"a":1,"k":[{"i":{"x":[0.667],"y":[1]},"o":{"x":[0.333],"y":[0]},"t":17,"s":[0]},{"i":{"x":[0.667],"y":[1]},"o":{"x":[0.333],"y":[0]},"t":21,"s":[-27]},{"i":{"x":[0.667],"y":[1]},"o":{"x":[0.333],"y":[0]},"t":25,"s":[0]},{"i":{"x":[0.667],"y":[1]},"o":{"x":[0.333],"y":[0]},"t":29,"s":[0]},{"i":{"x":[0.667],"y":[1]},"o":{"x":[0.333],"y":[0]},"t":33,"s":[-27]},{"i":{"x":[0.667],"y":[1]},"o":{"x":[0.333],"y":[0]},"t":37,"s":[0]},{"i":{"x":[0.667],"y":[1]},"o":{"x":[0.333],"y":[0]},"t":41,"s":[0]},{"i":{"x":[0.667],"y":[1]},"o":{"x":[0.333],"y":[0]},"t":45,"s":[-27]},{"t":49.0000019958109,"s":[0]}],"ix":8},"ry":{"a":1,"k":[{"i":{"x":[0.667],"y":[1]},"o":{"x":[0.333],"y":[0]},"t":17,"s":[0]},{"i":{"x":[0.667],"y":[1]},"o":{"x":[0.333],"y":[0]},"t":21,"s":[-29]},{"i":{"x":[0.667],"y":[1]},"o":{"x":[0.333],"y":[0]},"t":25,"s":[0]},{"i":{"x":[0.667],"y":[1]},"o":{"x":[0.333],"y":[0]},"t":29,"s":[0]},{"i":{"x":[0.667],"y":[1]},"o":{"x":[0.333],"y":[0]},"t":33,"s":[-29]},{"i":{"x":[0.667],"y":[1]},"o":{"x":[0.333],"y":[0]},"t":37,"s":[0]},{"i":{"x":[0.667],"y":[1]},"o":{"x":[0.333],"y":[0]},"t":41,"s":[0]},{"i":{"x":[0.667],"y":[1]},"o":{"x":[0.333],"y":[0]},"t":45,"s":[-29]},{"t":49.0000019958109,"s":[0]}],"ix":9},"rz":{"a":0,"k":0,"ix":10},"or":{"a":0,"k":[0,0,0],"ix":7},"p":{"a":1,"k":[{"i":{"x":0.667,"y":1},"o":{"x":0.333,"y":0},"t":17,"s":[35.506,59.322,0],"to":[0.456,0,0],"ti":[-0.002,0,0]},{"i":{"x":0.667,"y":1},"o":{"x":0.333,"y":0},"t":21,"s":[38.244,59.322,0],"to":[0.002,0,0],"ti":[0.456,0,0]},{"i":{"x":0.667,"y":1},"o":{"x":0.333,"y":0},"t":25,"s":[35.519,59.322,0],"to":[-0.456,0,0],"ti":[-0.454,0,0]},{"i":{"x":0.667,"y":1},"o":{"x":0.333,"y":0},"t":29,"s":[35.506,59.322,0],"to":[0.454,0,0],"ti":[-0.002,0,0]},{"i":{"x":0.667,"y":1},"o":{"x":0.333,"y":0},"t":33,"s":[38.244,59.322,0],"to":[0.002,0,0],"ti":[0.456,0,0]},{"i":{"x":0.667,"y":1},"o":{"x":0.333,"y":0},"t":37,"s":[35.519,59.322,0],"to":[-0.456,0,0],"ti":[-0.454,0,0]},{"i":{"x":0.667,"y":1},"o":{"x":0.333,"y":0},"t":41,"s":[35.506,59.322,0],"to":[0.454,0,0],"ti":[-0.002,0,0]},{"i":{"x":0.667,"y":1},"o":{"x":0.333,"y":0},"t":45,"s":[38.244,59.322,0],"to":[0.002,0,0],"ti":[0.454,0,0]},{"t":49.0000019958109,"s":[35.519,59.322,0]}],"ix":2},"a":{"a":0,"k":[-351.167,13.337,0],"ix":1},"s":{"a":0,"k":[23.697,23.697,23.697],"ix":6}},"ao":0,"shapes":[{"ty":"gr","it":[{"ind":0,"ty":"sh","ix":1,"ks":{"a":0,"k":{"i":[[0,0],[26.75,24.25],[0,0],[22.25,20.5],[0,0],[27.5,20],[0,0]],"o":[[0,0],[-26.75,-24.25],[0,0],[-22.25,-20.5],[0,0],[-27.5,-20],[0,0]],"v":[[-309.5,111],[-279.5,24.25],[-333.75,32.5],[-321.5,-30.25],[-374.5,-18.5],[-366,-77.75],[-430,-65.75]],"c":false},"ix":2},"nm":"Path 1","mn":"ADBE Vector Shape - Group","hd":false},{"ty":"st","c":{"a":0,"k":[0.313725501299,0.890196084976,0.760784327984,1],"ix":3},"o":{"a":0,"k":100,"ix":4},"w":{"a":0,"k":22,"ix":5},"lc":2,"lj":2,"bm":0,"nm":"Stroke 1","mn":"ADBE Vector Graphic - Stroke","hd":false},{"ty":"tr","p":{"a":0,"k":[0,0],"ix":2},"a":{"a":0,"k":[0,0],"ix":1},"s":{"a":0,"k":[100,100],"ix":3},"r":{"a":0,"k":0,"ix":6},"o":{"a":0,"k":100,"ix":7},"sk":{"a":0,"k":0,"ix":4},"sa":{"a":0,"k":0,"ix":5},"nm":"Transform"}],"nm":"Shape 1","np":3,"cix":2,"bm":0,"ix":1,"mn":"ADBE Vector Group","hd":false},{"ty":"tm","s":{"a":1,"k":[{"i":{"x":[0.667],"y":[1]},"o":{"x":[0.333],"y":[0]},"t":47,"s":[0]},{"t":61.0000024845809,"s":[100]}],"ix":1},"e":{"a":1,"k":[{"i":{"x":[0.667],"y":[1]},"o":{"x":[0.333],"y":[0]},"t":0,"s":[0]},{"t":19.0000007738859,"s":[100]}],"ix":2},"o":{"a":0,"k":0,"ix":3},"m":1,"ix":2,"nm":"Trim Paths 1","mn":"ADBE Vector Filter - Trim","hd":false}],"ip":0,"op":92.0000037472368,"st":0,"bm":0},{"ddd":1,"ind":25,"ty":4,"nm":"Shape Layer 1","parent":14,"sr":1,"ks":{"o":{"a":0,"k":100,"ix":11},"rx":{"a":1,"k":[{"i":{"x":[0.667],"y":[1]},"o":{"x":[0.333],"y":[0]},"t":17,"s":[0]},{"i":{"x":[0.667],"y":[1]},"o":{"x":[0.333],"y":[0]},"t":21,"s":[19]},{"i":{"x":[0.667],"y":[1]},"o":{"x":[0.333],"y":[0]},"t":25,"s":[0]},{"i":{"x":[0.667],"y":[1]},"o":{"x":[0.333],"y":[0]},"t":29,"s":[0]},{"i":{"x":[0.667],"y":[1]},"o":{"x":[0.333],"y":[0]},"t":33,"s":[19]},{"i":{"x":[0.667],"y":[1]},"o":{"x":[0.333],"y":[0]},"t":37,"s":[0]},{"i":{"x":[0.667],"y":[1]},"o":{"x":[0.333],"y":[0]},"t":41,"s":[0]},{"i":{"x":[0.667],"y":[1]},"o":{"x":[0.333],"y":[0]},"t":45,"s":[19]},{"t":49.0000019958109,"s":[0]}],"ix":8},"ry":{"a":1,"k":[{"i":{"x":[0.667],"y":[1]},"o":{"x":[0.333],"y":[0]},"t":17,"s":[0]},{"i":{"x":[0.667],"y":[1]},"o":{"x":[0.333],"y":[0]},"t":21,"s":[26]},{"i":{"x":[0.667],"y":[1]},"o":{"x":[0.333],"y":[0]},"t":25,"s":[0]},{"i":{"x":[0.667],"y":[1]},"o":{"x":[0.333],"y":[0]},"t":29,"s":[0]},{"i":{"x":[0.667],"y":[1]},"o":{"x":[0.333],"y":[0]},"t":33,"s":[26]},{"i":{"x":[0.667],"y":[1]},"o":{"x":[0.333],"y":[0]},"t":37,"s":[0]},{"i":{"x":[0.667],"y":[1]},"o":{"x":[0.333],"y":[0]},"t":41,"s":[0]},{"i":{"x":[0.667],"y":[1]},"o":{"x":[0.333],"y":[0]},"t":45,"s":[26]},{"t":49.0000019958109,"s":[0]}],"ix":9},"rz":{"a":0,"k":0,"ix":10},"or":{"a":0,"k":[0,0,0],"ix":7},"p":{"a":1,"k":[{"i":{"x":0.667,"y":1},"o":{"x":0.333,"y":0},"t":17,"s":[64.889,59.322,0],"to":[-0.434,0,0],"ti":[-0.02,0,0]},{"i":{"x":0.667,"y":1},"o":{"x":0.333,"y":0},"t":21,"s":[62.283,59.322,0],"to":[0.02,0,0],"ti":[-0.434,0,0]},{"i":{"x":0.667,"y":1},"o":{"x":0.333,"y":0},"t":25,"s":[65.008,59.322,0],"to":[0.434,0,0],"ti":[0.454,0,0]},{"i":{"x":0.667,"y":1},"o":{"x":0.333,"y":0},"t":29,"s":[64.889,59.322,0],"to":[-0.454,0,0],"ti":[-0.02,0,0]},{"i":{"x":0.667,"y":1},"o":{"x":0.333,"y":0},"t":33,"s":[62.283,59.322,0],"to":[0.02,0,0],"ti":[-0.434,0,0]},{"i":{"x":0.667,"y":1},"o":{"x":0.333,"y":0},"t":37,"s":[65.008,59.322,0],"to":[0.434,0,0],"ti":[0.454,0,0]},{"i":{"x":0.667,"y":1},"o":{"x":0.333,"y":0},"t":41,"s":[64.889,59.322,0],"to":[-0.454,0,0],"ti":[-0.02,0,0]},{"i":{"x":0.667,"y":1},"o":{"x":0.333,"y":0},"t":45,"s":[62.283,59.322,0],"to":[0.02,0,0],"ti":[-0.454,0,0]},{"t":49.0000019958109,"s":[65.008,59.322,0]}],"ix":2},"a":{"a":0,"k":[-351.167,13.337,0],"ix":1},"s":{"a":0,"k":[23.697,23.697,23.697],"ix":6}},"ao":0,"shapes":[{"ty":"gr","it":[{"ind":0,"ty":"sh","ix":1,"ks":{"a":0,"k":{"i":[[0,0],[26.75,24.25],[0,0],[22.25,20.5],[0,0],[27.5,20],[0,0]],"o":[[0,0],[-26.75,-24.25],[0,0],[-22.25,-20.5],[0,0],[-27.5,-20],[0,0]],"v":[[-309.5,111],[-279.5,24.25],[-333.75,32.5],[-321.5,-30.25],[-374.5,-18.5],[-366,-77.75],[-430,-65.75]],"c":false},"ix":2},"nm":"Path 1","mn":"ADBE Vector Shape - Group","hd":false},{"ty":"st","c":{"a":0,"k":[0.890196084976,0.313725501299,0.800000011921,1],"ix":3},"o":{"a":0,"k":100,"ix":4},"w":{"a":0,"k":22,"ix":5},"lc":2,"lj":2,"bm":0,"nm":"Stroke 1","mn":"ADBE Vector Graphic - Stroke","hd":false},{"ty":"tr","p":{"a":0,"k":[0,0],"ix":2},"a":{"a":0,"k":[0,0],"ix":1},"s":{"a":0,"k":[100,100],"ix":3},"r":{"a":0,"k":0,"ix":6},"o":{"a":0,"k":100,"ix":7},"sk":{"a":0,"k":0,"ix":4},"sa":{"a":0,"k":0,"ix":5},"nm":"Transform"}],"nm":"Shape 1","np":3,"cix":2,"bm":0,"ix":1,"mn":"ADBE Vector Group","hd":false},{"ty":"tm","s":{"a":1,"k":[{"i":{"x":[0.667],"y":[1]},"o":{"x":[0.333],"y":[0]},"t":44,"s":[0]},{"t":64.0000026067734,"s":[100]}],"ix":1},"e":{"a":1,"k":[{"i":{"x":[0.545],"y":[1]},"o":{"x":[0.232],"y":[0]},"t":3,"s":[0]},{"t":24.00000097754,"s":[100]}],"ix":2},"o":{"a":0,"k":0,"ix":3},"m":1,"ix":2,"nm":"Trim Paths 1","mn":"ADBE Vector Filter - Trim","hd":false}],"ip":3.00000012219251,"op":92.0000037472368,"st":3.00000012219251,"bm":0}],"markers":[]}